{"mag": [[6.33, 30.7333, -38.5217], [21.425, 30.9833, -31.2333], [32.1033, 30.3, -14.7133], [28.6317, 29.96, 6.99667], [-1.66167, 28.8517, 22.8567], [-23.085, 28.7983, 13.965], [-32.0033, 29.0783, -0.796666], [-28.665, 29.9583, -23.5367], [15.805, 23.4733, -40.4583], [32.0033, 23.6833, -27.0567], [38.2267, 23.0433, -9.74667], [26.3917, 21.92, 18.7467], [-8.62666, 21.4983, 27.0933], [-30.1017, 21.2233, 13.88], [-37.6383, 21.8233, -2.59333], [-31.1817, 22.65, -28.9217], [14.9317, -19.61, -37.9817], [27.6617, -19.6117, -29.6967], [35.8883, -20.2467, -15.73], [36.1233, -20.7367, 3.65667], [25.2333, -21.5167, 20.035], [0.595, -21.7033, 28.645], [-20.2233, -21.8567, 22.2583], [-35.5317, -21.6517, 0.26]], "grav": [[3.8002, 0.595812, 9.20279], [3.80379, 5.11505, 7.58205], [3.51106, 8.58424, 3.0672], [3.53579, 8.24326, -3.50588], [3.21555, 0.33659, -9.17846], [3.20957, -5.8644, -7.17687], [3.26141, -8.7992, -3.15932], [3.50468, -8.64685, 3.59441], [4.0319, 0.17667, 9.08355], [4.04506, 4.99621, 7.43888], [3.91067, 8.04506, 3.94696], [3.65822, 8.20897, -3.77587], [3.31446, 1.35274, -8.97986], [3.34756, -4.71585, -7.98205], [3.401, -7.9334, -4.79481], [3.60159, -9.07158, 1.98564], [-2.24447, 0.971087, 9.60797], [-2.24686, 4.52602, 8.36131], [-2.34297, 7.71724, 5.41615], [-2.60419, 9.32562, 0.417946], [-2.71386, 8.00478, -4.66401], [-2.88455, 2.72662, -8.77407], [-2.88853, -2.94795, -8.78165], [-2.86301, -8.33698, -4.33978]]}