{"mag": [[4.00167, 32.9933, -37.6683], [19.0467, 33.0233, -31.7533], [31.4583, 32.6167, -14.195], [29.1933, 32.3383, 5.00833], [13.6967, 32.0133, 19.585], [-9.52833, 31.745, 20.835], [-28.445, 31.9367, 5.62667], [-28.16, 32.4, -22.5417], [11.8567, 13.5583, -45.9667], [30.6517, 13.6533, -35.4033], [42.0966, 13.4783, -15.9717], [40.2867, 12.7667, 8.83], [22.3017, 12.15, 28.4817], [-7.13166, 11.8767, 33.135], [-29.255, 11.655, 22.7233], [-42.2283, 12.285, 0.9]], "grav": [[4.01994, 0.651645, 9.02333], [4.05224, 4.94277, 7.54217], [3.82732, 8.68076, 2.3338], [3.71884, 8.32741, -3.36151], [3.55972, 4.1005, -8.02113], [3.51505, -2.42712, -8.75414], [3.60917, -8.0319, -4.52841], [3.85483, -8.35214, 3.92901], [5.51226, -0.170688, 8.25443], [5.53778, 3.82094, 7.2323], [5.51186, 7.01934, 4.15314], [5.30289, 8.12203, -0.847856], [5.22672, 5.91385, -5.68614], [5.04247, 0.784047, -8.2987], [4.95593, -3.75513, -7.35593], [5.19761, -7.5314, -3.866]]}