{"mag": {"axes": "-X-Y-Z", "transform": [[0.0232437, -0.000303, -0.00100894], [0.000386658, 0.0231953, 0.000912137], [0.000673458, 0.000639157, 0.024522]], "centre": [0.941737, -0.520907, 7.86953], "rbfs": [[[0.0314504], [0.0207287], [0.028147], [0.0300612], [0.0253067]], [[0.0], [0.0], [0.0], [0.0], [0.0]], [[0.0097373], [0.0195451], [0.0215471], [0.0178932], [0.0246572]]], "field_avg": 42.4278, "field_std": 0.396407}, "dip_avg": 67.9541, "grav": {"axes": "-Y-X+Z", "transform": [[0.102163, -0.00142942, -7.17145e-05], [0.00136681, 0.102031, -0.00314074], [-0.000117626, 0.00372421, 0.101396]], "centre": [0.123741, -0.065537, 0.0881996], "rbfs": [], "field_avg": 9.81274, "field_std": 0.0127638}}