{"mag": {"axes": "-X-Y-Z", "transform": [[0.0228843, 0.000590746, 0.000563429], [-0.00059892, 0.0231107, -0.000304078], [-0.000653776, 0.000542259, 0.0223791]], "centre": [-3.71545, -2.87197, 3.43566], "rbfs": [[[3.17175e-05], [-0.00469858], [0.0078233], [-0.00480946], [-0.00620679]], [[0.0], [0.0], [0.0], [0.0], [0.0]], [[-0.00357361], [-0.00377272], [-0.00768561], [0.00817043], [-0.0130033]]], "field_avg": 43.8127, "field_std": 0.808658}, "dip_avg": 65.193, "grav": {"axes": "-Y-X+Z", "transform": [[0.10149, -0.000216125, 0.00018388], [-2.59704e-05, 0.101906, -0.00227625], [0.000178425, 0.00322734, 0.101712]], "centre": [0.0577753, -0.0901988, -0.109796], "rbfs": [], "field_avg": 9.8301, "field_std": 0.0232623}}