{"mag": {"axes": "-X-Y-Z", "transform": [[0.0222057, -4.92681e-06, -0.000154079], [-4.92678e-06, 0.0222341, 0.00073334], [-0.000154079, 0.00073334, 0.0235346]], "centre": [-0.755111, -0.811113, 7.61798], "rbfs": [[[0.0314504], [0.0207287], [0.028147], [0.0300612], [0.0253067]], [[0.0], [0.0], [0.0], [0.0], [0.0]], [[0.0097373], [0.0195451], [0.0215471], [0.0178932], [0.0246572]]], "field_avg": 44.1285, "field_std": 0.829381}, "dip_avg": 65.4586, "grav": {"axes": "-Y-X+Z", "transform": [[0.101821, 5.07218e-05, -9.62491e-05], [5.07228e-05, 0.101886, 0.00042803], [-9.62497e-05, 0.000428029, 0.10193]], "centre": [0.12256, -0.069514, 0.102677], "rbfs": [], "field_avg": 9.81548, "field_std": 0.0171556}}