{"mag": {"axes": "-X-Y-Z", "transform": [[0.0224055, 0.000278114, 0.000532901], [-0.000251236, 0.0225482, 0.000503972], [-0.000431161, -0.000392068, 0.0219806]], "centre": [-1.79066, -1.68901, 4.53818], "rbfs": [[[-0.00130653], [-0.00189762], [0.000344333], [0.00103221], [0.00133854]], [[0.0], [0.0], [0.0], [0.0], [0.0]], [[-0.000994068], [0.0016337], [-0.00150391], [-0.0039614], [-5.80707e-05]]], "field_avg": 44.8049, "field_std": 0.0262745}, "dip_avg": 67.9509, "grav": {"axes": "-Y-X+Z", "transform": [[0.101473, -0.000586696, 5.01396e-05], [0.000461639, 0.101894, -0.00134469], [4.21391e-05, 0.00218103, 0.101685]], "centre": [0.174988, -0.0157876, 0.027731], "rbfs": [], "field_avg": 9.8332, "field_std": 0.0198171}}