{"mag": {"axes": "+X+Y+Z", "transform": [[0.0293813, 0.000429197, 0.00168265], [0.000429197, 0.0269446, -0.00106695], [0.00168265, -0.00106695, 0.0304003]], "centre": [1.00537, 3.03475, -6.69465], "rbfs": [], "field_avg": null, "field_std": null}, "dip_avg": null, "grav": {"axes": "+X+Y+Z", "transform": [[0.0996599, 0.000225614, -0.00143467], [0.000225613, 0.105058, 0.00148234], [-0.00143467, 0.00148234, 0.107949]], "centre": [-0.128199, -0.352309, -0.293874], "rbfs": [], "field_avg": null, "field_std": null}}