{"mag": {"axes": "-X-Y-Z", "transform": [[0.0225258, -0.000348105, -0.000709316], [0.000171691, 0.0221358, -0.000679377], [0.000447533, -0.000145672, 0.0225338]], "centre": [-0.205928, -1.49322, 3.39001], "rbfs": [[[0.003298], [-0.000433647], [0.000818552], [-0.00208113], [0.00252497]], [[0.0], [0.0], [0.0], [0.0], [0.0]], [[0.00067137], [0.000540657], [0.000939099], [0.00137892], [0.00192191]]], "field_avg": 44.6264, "field_std": 0.310694}, "dip_avg": 68.9221, "grav": {"axes": "-Y-X+Z", "transform": [[0.101936, -0.00167875, 0.000143624], [0.0015862, 0.10164, 0.000604115], [0.000153489, -0.000228592, 0.102199]], "centre": [0.235023, 0.0249322, 0.100026], "rbfs": [], "field_avg": 9.81022, "field_std": 0.00509215}}