{"mag": {"axes": "-X-Y-Z", "transform": [[0.0213677, -0.000444479, -0.00046523], [0.000112769, 0.0211606, 0.00148036], [0.000255013, -0.000313221, 0.0210411]], "centre": [-0.117389, 0.31112, 2.50014], "rbfs": [[[0.000752259], [0.00177004], [0.000461498], [-0.00102631], [0.000218394]], [[0.0], [0.0], [0.0], [0.0], [0.0]], [[-0.00181878], [0.00170627], [-0.0013093], [0.000351932], [0.00158875]]], "field_avg": 47.1572, "field_std": 0.0178031}, "dip_avg": 67.4014, "grav": {"axes": "-Y-X+Z", "transform": [[0.101827, -0.000469327, 5.21254e-05], [0.000562061, 0.102273, -0.000918518], [4.80694e-05, 0.00161091, 0.101563]], "centre": [0.291422, 0.0754501, 0.308981], "rbfs": [], "field_avg": 9.81413, "field_std": 0.00277258}}